{"step":4,"_timestamp":1.7618582288828268e+09,"_step":4,"train_loss":0.3433353900909424,"_wandb":{"runtime":134},"_runtime":134,"learning_rate":5e-06,"epoch":10}