{"learning_rate":5.014695033021055e-05,"sample_epoch":19,"_step":30039,"epoch":19,"val_loss":0.11051453821159699,"train_loss":0.05263206362724304,"sample_generation_step":2500,"step":2997,"_timestamp":1.7618879221845598e+09,"_wandb":{"runtime":29593},"_runtime":29593}